date,ticker,action,price,size,tp,sl,cash,equity
2021-11-22,GAZP.ME,BUY,324.34000,97,339.86813,313.98791,100000.00,100000.00
2021-11-24,GAZP.ME,BUY,335.76001,87,353.59855,323.86765,102694.66,102694.66
2021-11-26,GAZP.ME,BUY,327.60001,85,345.67890,315.54741,101660.02,101660.02
2022-01-31,GAZP.ME,BUY,328.88000,67,351.34012,313.90659,99725.42,99725.42
2022-02-14,GAZP.ME,BUY,321.67001,74,341.77868,308.26424,98722.21,98722.21
2022-02-15,GAZP.ME,BUY,332.16000,74,352.31412,318.72393,98722.21,98722.21
2020-11-11,LKOH.ME,BUY,4544.73486,8,4733.84790,4418.65951,100000.00,100000.00
2021-05-31,LKOH.ME,BUY,5515.96826,9,5692.84650,5398.04943,99500.45,99500.45
2021-06-01,LKOH.ME,BUY,5687.50879,9,5874.02489,5563.16472,99500.45,99500.45
2021-06-02,LKOH.ME,BUY,5886.64258,8,6082.15735,5756.29940,99500.45,99500.45
2021-08-16,LKOH.ME,BUY,6150.09033,9,6320.78370,6036.29475,101064.57,101064.57
2021-08-19,LKOH.ME,BUY,6000.18066,8,6191.10582,5872.89723,100100.18,100100.18
2021-12-27,LKOH.ME,BUY,6370.00000,7,6607.03588,6211.97608,101695.90,101695.90
2021-12-28,LKOH.ME,BUY,6479.00000,7,6719.40831,6318.72779,101695.90,101695.90
2021-05-17,MGNT.ME,BUY,4411.09082,13,4530.60745,4331.41307,100000.00,100000.00
2021-05-18,MGNT.ME,BUY,4502.80127,12,4636.60144,4413.60116,100000.00,100000.00
2021-05-20,MGNT.ME,BUY,4421.80420,11,4559.14696,4330.24236,98929.60,98929.60
2021-05-10,NVTK.ME,BUY,1340.08508,30,1391.67010,1305.69507,100000.00,100000.00
2021-05-13,NVTK.ME,BUY,1316.82690,32,1364.82666,1284.82707,99314.34,99314.34
2021-11-15,NVTK.ME,BUY,1716.80188,27,1772.68843,1679.54418,98290.34,98290.34
2021-11-17,NVTK.ME,BUY,1696.08057,26,1754.08731,1657.40940,97284.39,97284.39
2021-12-06,NVTK.ME,BUY,1592.09009,17,1680.81934,1532.93725,96251.77,96251.77
2022-02-09,NVTK.ME,BUY,1588.44470,16,1677.80428,1528.87165,95246.17,95246.17
2021-10-28,SNGS.ME,SELL,34.54500,1211,33.30539,35.37140,100000.00,100000.00
2021-07-19,GMKN.ME,BUY,25081.98438,2,25894.01395,24540.63132,100000.00,100000.00
2021-09-06,GMKN.ME,BUY,24660.25391,3,25294.11128,24237.68232,98917.29,98917.29
2021-09-10,GMKN.ME,BUY,24520.34375,3,25133.75224,24111.40476,97697.55,97697.55
2022-05-16,GMKN.ME,SELL,21200.00000,2,20283.38461,21811.07692,96470.73,96470.73
2021-05-10,ROSN.ME,BUY,520.73584,95,536.69136,510.09883,100000.00,100000.00
2021-05-12,ROSN.ME,BUY,523.66217,86,540.97542,512.12001,99240.14,99240.14
2021-08-09,ROSN.ME,BUY,531.79950,94,547.70899,521.19317,98684.83,98684.83
2021-08-11,ROSN.ME,BUY,546.08838,92,562.44972,535.18082,100229.00,100229.00
2021-10-11,NLMK.ME,BUY,208.56189,163,217.81006,202.39644,100000.00,100000.00
2021-10-13,NLMK.ME,BUY,201.70502,165,210.73160,195.68729,99102.21,99102.21
2020-12-28,TATN.ME,SELL,471.45569,85,453.63114,483.33872,100000.00,100000.00
2021-02-22,TATN.ME,SELL,490.33630,84,472.62092,502.14656,99005.75,99005.75
2021-02-26,TATN.ME,SELL,486.24390,77,467.13873,498.98067,98013.55,98013.55
2022-01-03,TATN.ME,BUY,502.45773,75,522.11681,489.35168,97584.27,97584.27
2022-02-07,TATN.ME,SELL,487.39999,55,460.86675,505.08883,96507.44,96507.44
2022-02-11,TATN.ME,SELL,493.29999,55,467.15948,510.72699,95716.05,95716.05
2020-11-09,ALRS.ME,BUY,70.36571,514,73.28486,68.41960,100000.00,100000.00
2020-11-11,ALRS.ME,BUY,69.32235,510,72.25253,67.36890,99509.17,99509.17
2021-04-19,ALRS.ME,BUY,92.91090,459,96.21681,90.70697,101003.57,101003.57
2021-04-21,ALRS.ME,BUY,96.11053,459,99.46753,93.87252,102520.97,102520.97
2021-11-08,ALRS.ME,BUY,132.39999,287,137.84942,128.76704,104061.84,104061.84
2021-12-06,ALRS.ME,BUY,124.77000,230,131.52151,120.26899,103133.98,103133.98
2022-01-03,ALRS.ME,BUY,123.00000,282,128.44122,119.37252,102098.75,102098.75
2022-01-05,ALRS.ME,BUY,119.31000,280,124.72740,115.69839,101075.80,101075.80
2022-02-08,ALRS.ME,BUY,118.00000,215,125.00773,113.32818,100240.95,100240.95
2022-02-09,ALRS.ME,BUY,122.37000,215,129.37968,117.69688,100240.95,100240.95
2021-07-12,CHMF.ME,BUY,1308.97290,26,1368.51081,1269.28096,100000.00,100000.00
2021-07-16,CHMF.ME,BUY,1342.14001,26,1403.04738,1301.53511,101632.60,101632.60
2021-08-30,CHMF.ME,BUY,1403.00000,39,1443.62343,1375.91772,103333.40,103333.40
2021-09-01,CHMF.ME,BUY,1406.21643,37,1447.71912,1378.54797,102277.19,102277.19
2021-10-11,CHMF.ME,BUY,1351.18689,27,1408.63063,1312.89106,101403.81,101403.81
2021-10-15,CHMF.ME,BUY,1323.75684,28,1378.00715,1287.58996,100415.54,100415.54
2021-06-14,AFKS.ME,BUY,32.39541,1295,33.55386,31.62312,100000.00,100000.00
2021-06-16,AFKS.ME,BUY,31.63810,1219,32.85697,30.82551,98999.88,98999.88
2021-06-18,AFKS.ME,BUY,30.73327,1219,31.94246,29.92715,98186.73,98186.73
2021-08-30,AFKS.ME,BUY,30.45500,1620,31.35564,29.85457,97234.24,97234.24
2021-09-13,AFKS.ME,SELL,29.53400,1637,28.65166,30.12222,96261.55,96261.55
2021-03-22,FEES.ME,BUY,0.19858,300309,0.20357,0.19525,100000.00,100000.00
2021-01-29,IRAO.ME,SELL,5.06599,9129,4.90168,5.17554,100000.00,100000.00
2021-05-17,IRAO.ME,SELL,4.89761,11312,4.76607,4.98530,99189.37,99189.37
2021-09-03,IRAO.ME,BUY,4.79250,10179,4.93742,4.69589,98333.82,98333.82
2021-10-29,IRAO.ME,SELL,4.79100,8186,4.61261,4.90993,97350.40,97350.40
2021-08-30,PHOR.ME,BUY,4380.68066,13,4500.10202,4301.06643,100000.00,100000.00
2021-09-01,PHOR.ME,BUY,4417.91553,11,4560.98707,4322.53450,102154.04,102154.04
2022-01-31,PHOR.ME,BUY,5519.00000,6,5799.63491,5331.91006,103727.82,103727.82
2022-02-03,PHOR.ME,BUY,5315.00000,6,5585.92635,5134.38244,102719.28,102719.28
2020-11-09,RUAL.ME,BUY,32.30500,1045,33.74139,31.34741,100000.00,100000.00
2021-01-04,RUAL.ME,BUY,35.90000,802,37.80155,34.63230,101558.50,101558.50
2021-11-15,RUAL.ME,BUY,72.47000,336,77.08530,69.39314,103163.75,103163.75
2021-11-19,RUAL.ME,BUY,70.20500,341,74.71006,67.20163,102385.28,102385.28
2021-12-13,RUAL.ME,BUY,68.90000,345,73.31120,65.95920,101361.13,101361.13
2021-12-15,RUAL.ME,BUY,65.76500,341,70.23741,62.78339,101416.05,101416.05
2022-04-04,RUAL.ME,BUY,71.92000,140,83.01765,64.52157,103132.99,103132.99
2021-08-02,HYDR.ME,BUY,0.82270,68527,0.84459,0.80811,100000.00,100000.00
2021-09-20,HYDR.ME,BUY,0.81210,94204,0.82827,0.80132,101547.99,101547.99
2021-07-12,MAGN.ME,BUY,55.44697,629,57.83417,53.85550,100000.00,100000.00
2021-07-13,MAGN.ME,BUY,57.71040,608,60.18091,56.06339,100000.00,100000.00
2021-12-13,MAGN.ME,BUY,59.55190,549,62.30033,57.71962,100500.17,100500.17
2021-12-17,MAGN.ME,BUY,62.22602,546,65.04974,60.34354,102595.23,102595.23
2021-12-06,PIKK.ME,BUY,1108.80005,27,1165.37505,1071.08338,100000.00,100000.00
2021-12-09,PIKK.ME,BUY,1183.40002,27,1241.21765,1144.85494,101759.73,101759.73
2022-01-03,PIKK.ME,BUY,1157.40002,27,1214.72278,1119.18485,100732.51,100732.51
2020-11-16,QIWI.ME,BUY,1253.61719,26,1311.34319,1215.13318,100000.00,100000.00
2020-11-17,QIWI.ME,BUY,1285.55640,26,1343.27628,1247.07647,100000.00,100000.00
2021-05-31,QIWI.ME,SELL,801.02594,57,775.39484,818.11334,97195.95,97195.95
2021-04-05,ETLN.ME,BUY,125.10638,375,129.11151,122.43629,100000.00,100000.00
2021-08-09,JPY=X,BUY,110.25900,906,111.25891,109.59240,100000.00,100000.00
2021-08-10,JPY=X,BUY,110.30600,906,111.26952,109.66365,100000.00,100000.00
2021-08-11,JPY=X,BUY,110.59800,904,111.54595,109.96604,100000.00,100000.00
2021-08-13,JPY=X,BUY,110.40300,902,111.32556,109.78796,99639.34,99639.34
2022-08-15,JPY=X,BUY,133.28799,521,136.15292,131.37805,99375.95,99375.95
2022-08-19,JPY=X,BUY,135.79500,533,138.63996,133.89836,100944.12,100944.12
2022-12-19,JPY=X,BUY,136.69000,455,139.99049,134.48967,99933.21,99933.21
2023-04-17,JPY=X,BUY,133.97099,591,136.45367,132.31588,97750.12,97750.12
2023-07-24,JPY=X,BUY,141.75000,638,144.08533,140.19311,99217.38,99217.38
2023-07-26,JPY=X,BUY,140.91299,659,143.15252,139.41998,98369.55,98369.55
2023-07-28,JPY=X,BUY,138.86400,603,141.28953,137.24697,97379.07,97379.07
2024-01-08,JPY=X,BUY,144.71600,582,147.22822,143.04119,97379.07,97379.07
2024-03-18,JPY=X,BUY,148.95500,665,150.75849,147.75268,99134.38,99134.38
2024-03-19,JPY=X,BUY,149.14400,664,151.02052,147.89298,99134.38,99134.38
2024-03-20,JPY=X,BUY,151.03500,656,153.06110,149.68427,99134.38,99134.38
2024-12-02,JPY=X,SELL,149.89799,559,147.21702,151.68531,99844.36,99844.36
2024-12-16,JPY=X,BUY,153.45300,598,155.93351,151.79933,98845.25,98845.25
2024-12-19,JPY=X,BUY,154.67300,580,157.27123,152.94086,100328.60,100328.60
2024-12-20,JPY=X,BUY,157.64400,547,160.39949,155.80700,100328.60,100328.60
2021-02-15,EURUSD=X,BUY,1.21221,82494,1.22329,1.20483,100000.00,100000.00
2021-02-17,EURUSD=X,BUY,1.20925,82192,1.22069,1.20162,99390.87,99390.87
2021-04-12,EURUSD=X,BUY,1.19005,84630,1.20068,1.18297,100714.28,100714.28
2021-09-03,EURUSD=X,BUY,1.18765,85558,1.19637,1.18183,101613.78,101613.78
2021-09-13,EURUSD=X,SELL,1.18120,85604,1.17310,1.18659,101116.23,101116.23
2021-09-17,EURUSD=X,SELL,1.17675,86517,1.16837,1.18233,101809.27,101809.27
2022-01-24,EURUSD=X,SELL,1.13415,89767,1.12358,1.14119,101809.27,101809.27
2022-01-25,EURUSD=X,SELL,1.13241,89904,1.12180,1.13949,101809.27,101809.27
2022-01-26,EURUSD=X,SELL,1.13045,90060,1.12004,1.13740,101809.27,101809.27
2022-01-27,EURUSD=X,SELL,1.12435,90549,1.11285,1.13202,101809.27,101809.27
2022-01-28,EURUSD=X,SELL,1.11470,91333,1.10274,1.12268,101809.27,101809.27
2022-02-21,EURUSD=X,SELL,1.13172,86861,1.11932,1.13999,98303.26,98303.26
2022-02-24,EURUSD=X,SELL,1.13057,87902,1.11709,1.13956,99380.18,99380.18
2022-02-25,EURUSD=X,SELL,1.11907,88806,1.10508,1.12840,99380.18,99380.18
2025-03-03,EURUSD=X,SELL,1.04138,96623,1.02846,1.05000,100622.75,100622.75
2025-03-05,EURUSD=X,SELL,1.06270,93395,1.04689,1.07324,99251.14,99251.14
2020-10-12,GBPUSD=X,BUY,1.30317,76091,1.32288,1.29003,100000.00,100000.00
2020-10-14,GBPUSD=X,BUY,1.29353,73587,1.31371,1.28007,98999.99,98999.99
2021-04-05,GBPUSD=X,BUY,1.38313,72650,1.39885,1.37264,100485.00,100485.00
2021-04-08,GBPUSD=X,BUY,1.37438,72558,1.39091,1.36336,99723.43,99723.43
2021-04-19,GBPUSD=X,BUY,1.38185,73074,1.39781,1.37120,100977.83,100977.83
2021-04-20,GBPUSD=X,BUY,1.39938,72158,1.41626,1.38814,100977.83,100977.83
2021-04-22,GBPUSD=X,BUY,1.39318,72190,1.41011,1.38190,100574.36,100574.36
2021-09-21,GBPUSD=X,SELL,1.36627,73480,1.35280,1.37525,100393.53,100393.53
2022-12-22,GBPUSD=X,SELL,1.20774,58978,1.18195,1.22493,101383.60,101383.60
2023-02-06,GBPUSD=X,SELL,1.20451,71010,1.18331,1.21865,100369.75,100369.75
2023-02-09,GBPUSD=X,SELL,1.20715,73864,1.18697,1.22060,99366.06,99366.06
2023-08-21,GBPUSD=X,BUY,1.27419,77465,1.28885,1.26442,98706.23,98706.23
2023-08-23,GBPUSD=X,BUY,1.27316,76934,1.28817,1.26314,97949.20,97949.20
2023-08-25,GBPUSD=X,BUY,1.25929,77002,1.27509,1.24875,96968.16,96968.16
2020-10-06,AUDUSD=X,BUY,0.71932,129978,0.73086,0.71163,100000.00,100000.00
2021-11-08,AUDUSD=X,SELL,0.73959,135313,0.72883,0.74676,100076.30,100076.30
2021-11-12,AUDUSD=X,SELL,0.72920,139602,0.71846,0.73636,101798.47,101798.47
2022-01-24,AUDUSD=X,SELL,0.71879,138090,0.70778,0.72613,101367.32,101367.32
2022-01-25,AUDUSD=X,SELL,0.71545,139095,0.70452,0.72274,101367.32,101367.32
2022-01-27,AUDUSD=X,SELL,0.71230,141069,0.70135,0.71960,102947.67,102947.67
2022-01-28,AUDUSD=X,SELL,0.70355,130657,0.69173,0.71143,102947.67,102947.67
2022-06-03,AUDUSD=X,BUY,0.72690,107287,0.74089,0.71758,100031.52,100031.52
2022-12-19,AUDUSD=X,SELL,0.66875,86323,0.65142,0.68030,99718.67,99718.67
2023-04-24,AUDUSD=X,SELL,0.66935,125450,0.65752,0.67723,98896.89,98896.89
2024-07-24,AUDUSD=X,SELL,0.66121,148269,0.65357,0.66631,98037.38,98037.38
2024-07-25,AUDUSD=X,SELL,0.65748,149110,0.64940,0.66287,98037.38,98037.38
2024-07-26,AUDUSD=X,SELL,0.65430,149835,0.64642,0.65955,98037.38,98037.38
2024-08-19,AUDUSD=X,BUY,0.66730,146176,0.67669,0.66104,97543.24,97543.24
2024-08-20,AUDUSD=X,BUY,0.67353,144823,0.68306,0.66718,97543.24,97543.24
2020-10-06,USDCAD=X,SELL,1.32570,75431,1.31369,1.33371,100000.00,100000.00
2020-10-09,USDCAD=X,SELL,1.31921,76851,1.30627,1.32784,101383.71,101383.71
2021-02-15,USDCAD=X,SELL,1.26879,79383,1.25499,1.27799,100720.82,100720.82
2021-08-02,USDCAD=X,SELL,1.24667,81670,1.23122,1.25697,101816.00,101816.00
2021-08-06,USDCAD=X,SELL,1.25013,80984,1.23554,1.25986,101241.63,101241.63
2021-08-30,USDCAD=X,SELL,1.26110,80109,1.24416,1.27239,101026.57,101026.57
2021-11-12,USDCAD=X,BUY,1.25885,79534,1.27154,1.25039,100121.82,100121.82
2022-04-12,USDCAD=X,BUY,1.26401,78947,1.27639,1.25576,99790.32,99790.32
2022-12-05,USDCAD=X,BUY,1.34440,70992,1.36536,1.33043,99183.97,99183.97
2022-12-06,USDCAD=X,BUY,1.35880,67923,1.38070,1.34420,99183.97,99183.97
2022-12-07,USDCAD=X,BUY,1.36494,69114,1.38647,1.35059,99183.97,99183.97
2023-05-08,USDCAD=X,SELL,1.33800,73352,1.32257,1.34829,98146.10,98146.10
2023-05-11,USDCAD=X,SELL,1.33721,72831,1.32248,1.34703,97391.62,97391.62
2023-05-22,USDCAD=X,BUY,1.34880,71876,1.36277,1.33948,96947.36,96947.36
2023-05-25,USDCAD=X,BUY,1.35885,72084,1.37320,1.34928,97951.67,97951.67
2023-05-26,USDCAD=X,BUY,1.36432,71795,1.37834,1.35498,97951.67,97951.67
2020-10-06,USDCHF=X,SELL,0.91505,109283,0.90550,0.92142,100000.00,100000.00
2021-07-12,USDCHF=X,SELL,0.91404,110815,0.90429,0.92054,101289.89,101289.89
2022-08-22,USDCHF=X,BUY,0.95880,104978,0.97234,0.94978,100653.85,100653.85
2022-08-23,USDCHF=X,BUY,0.96440,104369,0.97808,0.95528,100653.85,100653.85
2023-03-13,USDCHF=X,SELL,0.91840,95343,0.90234,0.92911,102084.16,102084.16
2023-03-14,USDCHF=X,SELL,0.91249,96663,0.89665,0.92305,102084.16,102084.16
2023-03-16,USDCHF=X,SELL,0.93103,88383,0.91418,0.94226,99282.14,99282.14
2023-03-17,USDCHF=X,SELL,0.92917,90899,0.91279,0.94009,99282.14,99282.14
2023-09-04,USDCHF=X,SELL,0.88529,115510,0.87554,0.89179,102260.63,102260.63
2023-09-06,USDCHF=X,SELL,0.88939,114133,0.87938,0.89607,101509.52,101509.52
2023-10-16,USDCHF=X,SELL,0.90249,111882,0.89183,0.90959,100972.42,100972.42
2023-10-20,USDCHF=X,SELL,0.89179,114566,0.88155,0.89862,102169.56,102169.56
2023-11-01,USDCHF=X,BUY,0.90980,111616,0.92007,0.90295,101549.12,101549.12
2023-11-03,USDCHF=X,BUY,0.90610,111752,0.91681,0.89896,101259.04,101259.04
2024-03-11,USDCHF=X,SELL,0.87751,115361,0.86824,0.88369,101230.92,101230.92
2024-03-15,USDCHF=X,SELL,0.88427,113597,0.87543,0.89016,100451.08,100451.08
2025-03-03,USDCHF=X,BUY,0.90257,110552,0.91287,0.89570,99781.43,99781.43
2025-03-05,USDCHF=X,BUY,0.88964,111294,0.90123,0.88191,99011.98,99011.98
2020-10-06,EURJPY=X,BUY,124.62500,802,126.08809,123.64961,100000.00,100000.00
2020-10-26,EURJPY=X,BUY,124.03500,804,125.38619,123.13422,99726.21,99726.21
2020-10-28,EURJPY=X,BUY,123.17000,805,124.56459,122.24027,99217.45,99217.45
2020-10-30,EURJPY=X,BUY,122.10400,809,123.53126,121.15249,98840.71,98840.71
2021-06-28,EURJPY=X,BUY,132.32500,757,133.56073,131.50117,100252.62,100252.62
2021-06-30,EURJPY=X,BUY,131.54100,759,132.78237,130.71342,99923.45,99923.45
2021-07-01,EURJPY=X,BUY,131.75200,758,132.99952,130.92032,99923.45,99923.45
2021-08-30,EURJPY=X,BUY,129.61400,766,130.59126,128.96249,99293.04,99293.04
2021-09-03,EURJPY=X,BUY,130.53000,766,131.49248,129.88835,100041.62,100041.62
2021-09-17,EURJPY=X,SELL,129.05299,771,128.08994,129.69503,99593.01,99593.01
2021-12-24,EURJPY=X,BUY,129.63499,764,131.02646,128.70735,99098.00,99098.00
2022-02-22,EURJPY=X,SELL,129.61400,773,127.99543,130.69304,100294.01,100294.01
2022-02-25,EURJPY=X,SELL,129.32201,789,127.52177,130.52217,102161.25,102161.25
2022-05-23,EURJPY=X,BUY,135.18300,555,137.98371,133.31586,103581.63,103581.63
2022-05-24,EURJPY=X,BUY,136.55901,562,139.32724,134.71352,103581.63,103581.63
2022-07-18,EURJPY=X,BUY,139.63600,530,142.61361,137.65093,105136.03,105136.03
2022-07-19,EURJPY=X,BUY,140.22900,535,143.17897,138.26236,105136.03,105136.03
2022-07-20,EURJPY=X,BUY,141.38400,541,144.30390,139.43741,105136.03,105136.03
2022-07-22,EURJPY=X,BUY,140.12601,539,143.03065,138.18958,104336.11,104336.11
2023-08-07,EURJPY=X,BUY,156.09599,603,158.68208,154.37193,103882.05,103882.05
2023-08-08,EURJPY=X,BUY,156.80901,605,159.38566,155.09123,103882.05,103882.05
2023-08-09,EURJPY=X,BUY,157.00200,622,159.50818,155.33121,103882.05,103882.05
2023-08-10,EURJPY=X,BUY,157.76900,610,160.32684,156.06377,103882.05,103882.05
2023-08-11,EURJPY=X,BUY,159.06400,617,161.59235,157.37842,103882.05,103882.05
2024-10-21,EURJPY=X,SELL,162.58501,644,160.20461,164.17194,104756.31,104756.31
2025-03-12,EURJPY=X,BUY,161.56400,521,164.55938,159.56707,103911.42,103911.42
2021-11-22,GBPJPY=X,BUY,153.32300,652,155.27359,152.02260,100000.00,100000.00
2021-11-26,GBPJPY=X,BUY,153.17700,647,155.15381,151.85913,99152.14,99152.14
2021-12-22,GBPJPY=X,BUY,151.23399,655,153.32089,149.84273,99068.03,99068.03
2021-12-23,GBPJPY=X,BUY,152.33299,650,154.53450,150.86532,99068.03,99068.03
2021-12-24,GBPJPY=X,BUY,153.43201,645,155.60591,151.98274,99068.03,99068.03
2022-05-30,GBPJPY=X,BUY,160.72301,475,163.94971,158.57187,102028.25,102028.25
2022-05-31,GBPJPY=X,BUY,161.59500,484,164.76340,159.48273,102028.25,102028.25
2022-06-01,GBPJPY=X,BUY,162.26500,490,165.39244,160.18004,102028.25,102028.25
2022-10-10,GBPJPY=X,BUY,161.08000,342,165.69375,158.00417,105156.21,105156.21
2022-10-13,GBPJPY=X,BUY,162.91499,322,167.89552,159.59464,106734.12,106734.12
2022-10-14,GBPJPY=X,BUY,166.45799,316,171.53705,163.07195,106734.12,106734.12
2023-02-15,GBPJPY=X,BUY,161.89101,501,165.10723,159.74685,107269.95,107269.95
2023-03-20,GBPJPY=X,SELL,161.19600,490,157.84661,163.42893,109254.53,109254.53
2023-10-16,GBPJPY=X,BUY,181.75999,595,183.89409,180.33727,108195.68,108195.68
2024-09-23,GBPJPY=X,BUY,191.71637,436,195.49001,189.20061,109465.46,109465.46
2024-09-27,GBPJPY=X,BUY,194.55200,430,198.43187,191.96542,111110.77,111110.77
2021-05-10,EURGBP=X,SELL,0.86674,115374,0.85835,0.87233,100000.00,100000.00
2021-05-11,EURGBP=X,SELL,0.85912,116398,0.85046,0.86489,100000.00,100000.00
2022-07-25,EURGBP=X,BUY,0.85088,117873,0.86039,0.84454,100296.41,100296.41
2022-11-07,EURGBP=X,BUY,0.87614,87166,0.89327,0.86472,99529.06,99529.06
2023-01-30,EURGBP=X,BUY,0.87666,113028,0.88638,0.87018,99087.26,99087.26
2023-01-31,EURGBP=X,BUY,0.87851,112790,0.88819,0.87205,99087.26,99087.26
2023-02-01,EURGBP=X,BUY,0.88232,112303,0.89227,0.87569,99087.26,99087.26
2023-02-02,EURGBP=X,BUY,0.88900,111459,0.89963,0.88191,99087.26,99087.26
2023-02-03,EURGBP=X,BUY,0.89206,111076,0.90287,0.88485,99087.26,99087.26
2023-03-27,EURGBP=X,BUY,0.87950,111752,0.88952,0.87282,98286.75,98286.75
2023-07-31,EURGBP=X,SELL,0.85760,113835,0.84981,0.86280,97624.94,97624.94
2023-08-02,EURGBP=X,SELL,0.86024,112798,0.85233,0.86552,97033.47,97033.47
2024-04-01,EURGBP=X,SELL,0.85401,112934,0.84965,0.85692,96447.46,96447.46
2024-04-03,EURGBP=X,SELL,0.85618,112493,0.85179,0.85910,96314.32,96314.32
2024-04-22,EURGBP=X,BUY,0.86120,111515,0.86611,0.85792,96037.13,96037.13
2025-02-03,EURGBP=X,SELL,0.83364,114763,0.82667,0.83829,95671.85,95671.85
2025-02-04,EURGBP=X,SELL,0.83066,115175,0.82377,0.83526,95671.85,95671.85
2020-10-06,AUDJPY=X,BUY,76.01000,1268,77.19360,75.22093,100000.00,100000.00
2021-06-28,AUDJPY=X,BUY,84.12000,1188,85.10836,83.46110,99973.37,99973.37
2021-06-30,AUDJPY=X,BUY,83.04900,1194,84.10636,82.34410,99182.16,99182.16
2021-07-01,AUDJPY=X,BUY,83.31700,1190,84.36216,82.62023,99182.16,99182.16
2021-08-12,AUDJPY=X,BUY,81.35000,1234,82.38341,80.66106,100444.65,100444.65
2021-09-02,AUDJPY=X,BUY,81.09600,1178,82.36908,80.24728,99972.10,99972.10
2021-09-03,AUDJPY=X,BUY,81.33300,1171,82.61425,80.47883,99972.10,99972.10
2022-02-08,AUDJPY=X,BUY,82.01000,1109,83.34897,81.11736,98971.87,98971.87
2022-02-09,AUDJPY=X,BUY,82.55100,1098,83.90426,81.64883,98971.87,98971.87
2022-02-10,AUDJPY=X,BUY,82.96700,1056,84.37338,82.02942,98971.87,98971.87
2022-05-23,AUDJPY=X,BUY,90.32600,600,92.77623,88.69251,97981.29,97981.29
2023-02-06,AUDJPY=X,SELL,91.34700,741,89.33340,92.68940,99451.43,99451.43
2023-08-14,AUDJPY=X,BUY,94.05700,839,95.81791,92.88306,98456.71,98456.71
2023-08-18,AUDJPY=X,BUY,93.34700,896,94.98003,92.25831,97471.77,97471.77
2023-08-30,AUDJPY=X,BUY,94.54400,1047,95.90071,93.63952,99066.68,99066.68
2023-12-25,AUDJPY=X,BUY,96.83376,890,98.48850,95.73059,98119.70,98119.70
2024-09-27,AUDJPY=X,BUY,99.98900,650,102.23337,98.49275,97186.61,97186.61
2024-11-26,AUDJPY=X,SELL,99.78000,856,98.07962,100.91359,96998.60,96998.60
2024-11-27,AUDJPY=X,SELL,99.05100,812,97.25843,100.24605,96998.60,96998.60
2024-11-28,AUDJPY=X,SELL,98.33300,826,96.57076,99.50783,96998.60,96998.60
2020-12-28,USDRUB=X,BUY,73.95490,823,75.77934,72.73861,100000.00,100000.00
2021-01-25,USDRUB=X,BUY,75.31490,906,76.99656,74.19380,101521.60,101521.60
2021-03-11,USDRUB=X,SELL,73.52390,1125,72.18297,74.41786,100532.34,100532.34
2021-03-22,USDRUB=X,BUY,74.15370,1099,75.51234,73.24795,99526.64,99526.64
2021-03-23,USDRUB=X,BUY,74.79590,1000,76.28884,73.80060,99526.64,99526.64
2021-03-24,USDRUB=X,BUY,76.33140,926,77.94528,75.25547,99526.64,99526.64
2021-07-26,USDRUB=X,SELL,73.67700,1323,72.69845,74.32937,97535.04,97535.04
2021-08-19,USDRUB=X,BUY,73.84350,1338,74.66591,73.29523,98833.89,98833.89
2021-08-20,USDRUB=X,BUY,74.27510,1330,75.11693,73.71388,98833.89,98833.89
2022-02-21,USDRUB=X,BUY,77.36580,593,79.85396,75.70703,98204.65,98204.65
2022-02-22,USDRUB=X,BUY,80.38300,548,83.07274,78.58984,98204.65,98204.65
2022-02-24,USDRUB=X,BUY,81.41440,403,85.16155,78.91630,100528.85,100528.85
2022-02-25,USDRUB=X,BUY,84.91500,383,88.85949,82.28534,100528.85,100528.85
2023-01-16,USDRUB=X,SELL,65.96500,386,61.62535,68.85809,111598.68,111598.68
2023-05-22,USDRUB=X,BUY,80.06500,572,82.99110,78.11427,111562.75,111562.75
2023-12-04,USDRUB=X,BUY,91.19000,692,93.64715,89.55190,113236.48,113236.48
2024-01-08,USDRUB=X,BUY,90.89500,631,93.55733,89.12011,111938.98,111938.98
2024-01-12,USDRUB=X,BUY,89.89000,708,92.23183,88.32878,110421.42,110421.42
2024-02-05,USDRUB=X,BUY,90.99000,1058,92.55447,89.94702,110307.28,110307.28
2024-09-16,USDRUB=X,BUY,89.73624,504,93.08534,87.50352,112476.18,112476.18
2024-09-17,USDRUB=X,BUY,91.39635,510,94.70707,89.18921,112476.18,112476.18
2020-12-21,EURRUB=X,BUY,89.95620,868,91.68545,88.80337,100000.00,100000.00
2020-12-22,EURRUB=X,BUY,91.62380,806,93.48601,90.38233,100000.00,100000.00
2020-12-24,EURRUB=X,BUY,91.48770,740,93.49581,90.14896,98999.37,98999.37
2021-03-22,EURRUB=X,BUY,88.40120,820,90.21182,87.19412,98931.82,98931.82
2021-03-23,EURRUB=X,BUY,89.27880,768,91.21314,87.98924,98931.82,98931.82
2021-03-24,EURRUB=X,BUY,90.38150,743,92.37946,89.04953,98931.82,98931.82
2021-05-24,EURRUB=X,BUY,89.61710,1109,90.94903,88.72915,99426.87,99426.87
2021-05-25,EURRUB=X,BUY,89.73650,1107,91.01957,88.88113,99426.87,99426.87
2021-07-07,EURRUB=X,BUY,88.11300,1061,89.50554,87.18464,98479.97,98479.97
2021-07-21,EURRUB=X,SELL,87.62880,1112,86.34054,88.48764,97494.98,97494.98
2021-07-22,EURRUB=X,SELL,87.23440,1117,85.95011,88.09059,97494.98,97494.98
2021-07-23,EURRUB=X,SELL,86.74350,1123,85.47248,87.59085,97494.98,97494.98
2022-02-17,EURRUB=X,SELL,85.37580,617,82.89550,87.02934,101866.89,101866.89
2023-05-22,EURRUB=X,BUY,85.90000,521,88.81853,83.95432,101178.93,101178.93
2023-05-23,EURRUB=X,BUY,87.02410,535,89.86323,85.13135,101178.93,101178.93
2023-12-04,EURRUB=X,BUY,96.50000,471,99.61336,94.42443,97607.10,97607.10
2023-12-05,EURRUB=X,BUY,99.14780,445,102.43816,96.95422,97607.10,97607.10
2023-12-06,EURRUB=X,BUY,99.94190,455,103.16378,97.79398,97607.10,97607.10
2024-02-05,EURRUB=X,BUY,98.25000,646,100.50097,96.74936,96849.79,96849.79
2024-05-31,EURRUB=X,BUY,97.74890,608,100.19024,96.12134,98943.00,98943.00
2024-08-13,EURRUB=X,BUY,99.51270,360,103.60586,96.78393,98213.40,98213.40
2024-08-16,EURRUB=X,BUY,97.57360,342,101.84600,94.72534,97231.05,97231.05
2021-05-17,GBPRUB=X,BUY,104.30534,780,106.22890,103.02296,100000.00,100000.00
2021-05-18,GBPRUB=X,BUY,104.38669,814,106.22950,103.15815,100000.00,100000.00
2021-07-05,GBPRUB=X,BUY,101.26023,977,102.63809,100.34166,98999.75,98999.75
2021-07-06,GBPRUB=X,BUY,101.68861,973,103.15116,100.71358,98999.75,98999.75
2021-07-07,GBPRUB=X,BUY,102.83995,962,104.35072,101.83277,98999.75,98999.75
2021-08-02,GBPRUB=X,BUY,101.55964,965,102.89104,100.67204,98030.84,98030.84
2021-12-06,GBPRUB=X,SELL,97.83231,704,95.75629,99.21633,97395.06,97395.06
2022-03-31,GBPRUB=X,SELL,109.62763,58,84.38541,126.45578,96978.61,96978.61
2023-12-04,GBPRUB=X,BUY,115.76154,464,118.94591,113.63863,98442.66,98442.66
2023-12-06,GBPRUB=X,BUY,113.57854,418,117.07848,111.24525,97531.13,97531.13
2023-12-07,GBPRUB=X,BUY,116.51186,400,120.16928,114.07358,97531.13,97531.13
2024-02-05,GBPRUB=X,BUY,114.85446,796,116.70379,113.62158,98080.28,98080.28
2024-07-15,GBPRUB=X,SELL,112.51319,346,108.16621,115.41118,100078.67,100078.67
2024-08-13,GBPRUB=X,BUY,116.20504,316,121.05896,112.96909,102141.82,102141.82
2020-12-28,JPYRUB=X,BUY,0.71454,86502,0.73188,0.70298,100000.00,100000.00
2021-01-28,JPYRUB=X,BUY,0.72851,103710,0.74321,0.71870,101671.03,101671.03
2021-03-01,JPYRUB=X,BUY,0.70051,108153,0.71447,0.69120,100654.31,100654.31
2021-03-24,JPYRUB=X,BUY,0.70337,95907,0.71905,0.69291,100268.32,100268.32
2021-03-26,JPYRUB=X,BUY,0.69717,92455,0.71328,0.68643,99265.63,99265.63
2021-04-26,JPYRUB=X,SELL,0.69434,92105,0.67821,0.70509,99007.89,99007.89
2022-02-07,JPYRUB=X,SELL,0.65794,83084,0.63980,0.67004,100493.01,100493.01
2022-02-08,JPYRUB=X,SELL,0.65544,84534,0.63761,0.66733,100493.01,100493.01
2022-02-09,JPYRUB=X,SELL,0.64900,85670,0.63140,0.66073,100493.01,100493.01
2022-02-10,JPYRUB=X,SELL,0.64628,87545,0.62906,0.65776,100493.01,100493.01
2022-02-21,JPYRUB=X,BUY,0.67304,61313,0.69636,0.65749,95317.04,95317.04
2022-02-22,JPYRUB=X,BUY,0.70133,56847,0.72648,0.68456,95317.04,95317.04
2022-02-24,JPYRUB=X,BUY,0.70833,42459,0.74284,0.68533,97682.29,97682.29
2022-03-30,JPYRUB=X,SELL,0.71119,8041,0.52623,0.83450,99147.52,99147.52
2022-04-01,JPYRUB=X,SELL,0.67137,8914,0.50212,0.78421,100577.29,100577.29
2023-05-22,JPYRUB=X,BUY,0.58142,64789,0.60512,0.56563,102347.37,102347.37
2023-06-05,JPYRUB=X,BUY,0.57610,72436,0.59702,0.56215,101025.22,101025.22
2023-06-06,JPYRUB=X,BUY,0.57722,73766,0.59776,0.56352,101025.22,101025.22
2023-06-07,JPYRUB=X,BUY,0.58235,75039,0.60254,0.56888,101025.22,101025.22
2023-12-04,JPYRUB=X,BUY,0.62092,91652,0.63846,0.60923,107170.29,107170.29
2023-12-07,JPYRUB=X,BUY,0.62998,77787,0.65096,0.61600,108777.85,108777.85
2020-12-07,GC=F,BUY,1861.80005,38,1901.82489,1835.11682,100000.00,100000.00
2020-12-09,GC=F,BUY,1834.59998,37,1875.19691,1807.53535,98986.04,98986.04
2021-01-25,GC=F,BUY,1854.90002,44,1889.94083,1831.53949,100539.92,100539.92
2021-01-28,GC=F,BUY,1837.90002,46,1870.36814,1816.25461,99512.06,99512.06
2021-01-29,GC=F,BUY,1847.30005,44,1881.53115,1824.47931,99512.06,99512.06
2021-05-04,GC=F,SELL,1775.80005,55,1749.11360,1793.59101,98516.37,98516.37
2021-06-17,GC=F,SELL,1773.80005,37,1733.35615,1800.76265,97851.37,97851.37
2021-08-23,GC=F,BUY,1803.19995,51,1831.76621,1784.15578,96924.05,96924.05
2021-08-27,GC=F,BUY,1816.59998,52,1843.95668,1798.36217,96064.99,96064.99
2021-10-13,GC=F,BUY,1793.69995,50,1822.70418,1774.36380,95116.63,95116.63
2022-08-22,GC=F,SELL,1734.00000,54,1709.08985,1750.60677,94224.82,94224.82
2022-08-24,GC=F,SELL,1747.80005,53,1723.75149,1763.83242,93544.05,93544.05
2023-03-06,GC=F,BUY,1847.90002,51,1872.19979,1831.70018,95550.02,95550.02
2023-03-08,GC=F,BUY,1812.69995,51,1837.29210,1796.30519,94055.72,94055.72
2023-03-09,GC=F,BUY,1829.30005,51,1853.91420,1812.89062,94055.72,94055.72
2023-03-10,GC=F,BUY,1862.00000,50,1889.05599,1843.96267,94055.72,94055.72
2023-06-12,GC=F,BUY,1955.30005,48,1984.32277,1935.95157,94055.72,94055.72
2023-06-15,GC=F,BUY,1957.80005,45,1988.84524,1937.10326,93126.99,93126.99
2023-08-28,GC=F,BUY,1917.90002,48,1936.83498,1905.27672,92195.64,92195.64
2023-08-30,GC=F,BUY,1944.30005,47,1963.84090,1931.27281,93104.51,93104.51
2020-10-15,SI=F,BUY,24.19300,1338,25.31445,23.44537,100000.00,100000.00
2020-10-16,SI=F,BUY,24.36900,1415,25.42920,23.66220,100000.00,100000.00
2021-01-19,SI=F,BUY,25.27900,1546,26.23142,24.64405,98148.02,98148.02
2021-01-20,SI=F,BUY,25.73400,1578,26.66714,25.11191,98148.02,98148.02
2021-01-21,SI=F,BUY,25.82200,1681,26.69792,25.23806,98148.02,98148.02
2023-06-21,SI=F,SELL,22.77400,2568,22.20894,23.15071,96717.32,96717.32
2023-06-22,SI=F,SELL,22.43600,2587,21.87509,22.80994,96717.32,96717.32
2023-06-23,SI=F,SELL,22.32800,2725,21.79558,22.68295,96717.32,96717.32
2024-11-25,SI=F,BUY,30.21000,1608,31.09771,29.61819,95117.74,95117.74
2024-11-26,SI=F,BUY,30.38800,1692,31.23138,29.82575,95117.74,95117.74
2024-12-09,SI=F,BUY,32.21600,1530,33.16255,31.58496,96545.18,96545.18
2024-12-12,SI=F,BUY,31.22800,1452,32.21722,30.56852,95749.53,95749.53
2021-07-12,HG=F,BUY,4.32300,12096,4.44701,4.24033,100000.00,100000.00
2021-08-30,HG=F,BUY,4.36100,14186,4.46569,4.29121,98999.97,98999.97
2021-09-01,HG=F,BUY,4.26300,13577,4.37129,4.19081,98009.90,98009.90
2021-09-27,HG=F,BUY,4.29350,10603,4.43424,4.19967,99480.14,99480.14
2021-09-29,HG=F,BUY,4.20000,11177,4.33250,4.11166,98729.13,98729.13
2021-10-11,HG=F,BUY,4.37450,11344,4.50746,4.28586,100545.40,100545.40
2021-10-13,HG=F,BUY,4.52050,10795,4.66247,4.42585,102172.81,102172.81
2021-10-14,HG=F,BUY,4.63150,10664,4.77522,4.53568,102172.81,102172.81
2021-12-20,HG=F,BUY,4.28800,12588,4.41039,4.20641,102699.90,102699.90
2021-12-21,HG=F,BUY,4.33800,12876,4.45764,4.25824,102699.90,102699.90
2021-12-22,HG=F,BUY,4.38950,13211,4.50612,4.31176,102699.90,102699.90
2022-06-02,HG=F,BUY,4.55400,11477,4.69225,4.46183,105781.11,105781.11
2022-06-13,HG=F,SELL,4.21650,12022,4.08640,4.30323,104260.40,104260.40
2022-06-16,HG=F,SELL,4.11200,12108,3.98089,4.19940,105824.43,105824.43
2022-06-17,HG=F,SELL,4.01750,12019,3.88542,4.10555,105824.43,105824.43
2022-11-21,HG=F,SELL,3.57150,12864,3.44581,3.65529,107789.53,107789.53
2022-12-19,HG=F,SELL,3.78300,13621,3.66435,3.86210,107740.73,107740.73
2023-03-06,HG=F,BUY,4.10050,13040,4.22195,4.01953,105579.13,105579.13
2023-03-08,HG=F,BUY,4.04150,12245,4.16916,3.95640,104203.41,104203.41
2024-08-23,HG=F,BUY,4.19450,15426,4.29482,4.12762,103161.32,103161.32
2024-09-16,HG=F,BUY,4.21300,14138,4.32136,4.14076,102129.66,102129.66
2025-04-21,HG=F,BUY,4.72100,7693,4.92314,4.58624,103661.66,103661.66
2025-04-22,HG=F,BUY,4.87050,7609,5.07486,4.73426,103661.66,103661.66
2021-07-12,PL=F,BUY,1121.69995,49,1152.59058,1101.10620,100000.00,100000.00
2021-11-02,PL=F,SELL,1038.19995,52,1009.12478,1057.58340,99167.00,99167.00
2021-11-03,PL=F,SELL,1021.29999,52,992.49091,1040.50604,99167.00,99167.00
2021-11-22,PL=F,SELL,1014.00000,63,990.43988,1029.70675,97503.00,97503.00
2021-11-23,PL=F,SELL,963.09998,54,935.76915,981.32053,97503.00,97503.00
2022-03-15,PL=F,SELL,1001.79999,42,965.95700,1025.69531,98421.90,98421.90
2022-10-04,PL=F,BUY,943.70001,50,972.95351,924.19768,97287.90,97287.90
2024-06-24,PL=F,BUY,999.09998,76,1018.24613,986.33588,95762.90,95762.90
2024-06-26,PL=F,BUY,1020.70001,68,1042.70511,1006.02995,98574.90,98574.90
2024-06-28,PL=F,BUY,1001.90002,58,1026.95416,985.19726,96698.10,96698.10
2025-02-24,PL=F,SELL,961.20001,73,940.64748,974.90170,99940.30,99940.30
2025-02-25,PL=F,SELL,960.59998,79,941.45119,973.36583,99940.30,99940.30
2025-02-28,PL=F,SELL,932.29999,81,912.62135,945.41908,105336.30,105336.30
2025-03-24,PL=F,SELL,962.59998,88,944.59951,974.60029,105344.40,105344.40
2020-12-21,PA=F,BUY,2304.39990,27,2360.11985,2267.25327,100000.00,100000.00
2020-12-22,PA=F,BUY,2311.10010,29,2363.55793,2276.12821,100000.00,100000.00
2020-12-23,PA=F,BUY,2326.30005,30,2376.63946,2292.74044,100000.00,100000.00
2020-12-24,PA=F,BUY,2333.10010,32,2380.57241,2301.45189,100000.00,100000.00
2021-02-08,PA=F,BUY,2335.39990,33,2382.07140,2304.28557,100366.00,100366.00
2021-08-16,PA=F,BUY,2597.60010,32,2646.66766,2564.88839,102596.80,102596.80
2022-04-11,PA=F,BUY,2416.39990,12,2547.34102,2329.10583,100283.20,100283.20
2022-04-29,PA=F,BUY,2302.80005,13,2415.79178,2227.47223,97435.60,97435.60
2023-05-01,PA=F,SELL,1454.80005,28,1402.38938,1489.74049,96941.60,96941.60
2023-05-02,PA=F,SELL,1429.00000,29,1377.56866,1463.28756,96941.60,96941.60
2023-05-03,PA=F,SELL,1424.80005,31,1376.59238,1456.93849,96941.60,96941.60
2024-04-22,PA=F,SELL,1014.70001,51,987.34696,1032.93538,92084.79,92084.79
2024-04-25,PA=F,SELL,981.09998,52,953.50647,999.49564,94369.60,94369.60
2024-04-26,PA=F,SELL,957.40002,51,929.23821,976.17457,94369.60,94369.60
2024-07-15,PA=F,SELL,946.70001,43,913.85800,968.59469,92430.40,92430.40
2024-07-19,PA=F,SELL,899.09998,47,868.58971,919.44015,94748.10,94748.10
2021-11-22,GAZP.ME,BUY,324.34000,97,339.86813,313.98791,100000.00,100000.00
2021-11-24,GAZP.ME,BUY,335.76001,87,353.59855,323.86765,102694.66,102694.66
2021-11-26,GAZP.ME,BUY,327.60001,85,345.67890,315.54741,101660.02,101660.02
2022-01-31,GAZP.ME,BUY,328.88000,67,351.34012,313.90659,99725.42,99725.42
2022-02-14,GAZP.ME,BUY,321.67001,74,341.77868,308.26424,98722.21,98722.21
2022-02-15,GAZP.ME,BUY,332.16000,74,352.31412,318.72393,98722.21,98722.21
2020-11-11,LKOH.ME,BUY,4544.73535,8,4733.84840,4418.65999,100000.00,100000.00
2021-05-31,LKOH.ME,BUY,5515.96826,9,5692.84656,5398.04940,99500.45,99500.45
2021-06-01,LKOH.ME,BUY,5687.50879,9,5874.02494,5563.16469,99500.45,99500.45
2021-06-02,LKOH.ME,BUY,5886.64258,8,6082.15740,5756.29937,99500.45,99500.45
2021-08-16,LKOH.ME,BUY,6150.09033,9,6320.78369,6036.29476,101064.56,101064.56
2021-08-19,LKOH.ME,BUY,6000.18066,8,6191.10581,5872.89723,100100.18,100100.18
2021-12-27,LKOH.ME,BUY,6370.00000,7,6607.03588,6211.97608,101695.89,101695.89
2021-12-28,LKOH.ME,BUY,6479.00000,7,6719.40831,6318.72779,101695.89,101695.89
2021-05-17,MGNT.ME,BUY,4411.09033,13,4530.60701,4331.41255,100000.00,100000.00
2021-05-18,MGNT.ME,BUY,4502.80127,12,4636.60154,4413.60109,100000.00,100000.00
2021-05-20,MGNT.ME,BUY,4421.80469,11,4559.14754,4330.24279,98929.60,98929.60
2021-05-10,NVTK.ME,BUY,1340.08508,30,1391.67010,1305.69507,100000.00,100000.00
2021-05-13,NVTK.ME,BUY,1316.82690,32,1364.82666,1284.82707,99314.34,99314.34
2021-11-15,NVTK.ME,BUY,1716.80188,27,1772.68843,1679.54418,98290.34,98290.34
2021-11-17,NVTK.ME,BUY,1696.08057,26,1754.08731,1657.40940,97284.39,97284.39
2021-12-06,NVTK.ME,BUY,1592.09009,17,1680.81934,1532.93725,96251.77,96251.77
2022-02-09,NVTK.ME,BUY,1588.44470,16,1677.80428,1528.87165,95246.17,95246.17
2021-10-28,SNGS.ME,SELL,34.54500,1211,33.30539,35.37140,100000.00,100000.00
2021-07-19,GMKN.ME,BUY,25081.98438,2,25894.01395,24540.63132,100000.00,100000.00
2021-09-06,GMKN.ME,BUY,24660.25391,3,25294.11128,24237.68232,98917.29,98917.29
2021-09-10,GMKN.ME,BUY,24520.34375,3,25133.75224,24111.40476,97697.55,97697.55
2022-05-16,GMKN.ME,SELL,21200.00000,2,20283.38461,21811.07692,96470.73,96470.73
2021-05-10,ROSN.ME,BUY,520.73584,95,536.69136,510.09883,100000.00,100000.00
2021-05-12,ROSN.ME,BUY,523.66217,86,540.97541,512.12001,99240.13,99240.13
2021-08-09,ROSN.ME,BUY,531.79950,94,547.70899,521.19317,98684.82,98684.82
2021-08-11,ROSN.ME,BUY,546.08838,92,562.44972,535.18082,100229.00,100229.00
2021-10-11,NLMK.ME,BUY,208.56189,163,217.81006,202.39644,100000.00,100000.00
2021-10-13,NLMK.ME,BUY,201.70502,165,210.73160,195.68729,99102.21,99102.21
2020-12-28,TATN.ME,SELL,471.45572,85,453.63117,483.33875,100000.00,100000.00
2021-02-22,TATN.ME,SELL,490.33630,84,472.62092,502.14656,99005.75,99005.75
2021-02-26,TATN.ME,SELL,486.24393,77,467.13875,498.98071,98013.55,98013.55
2022-01-03,TATN.ME,BUY,502.45773,75,522.11681,489.35168,97584.25,97584.25
2022-02-07,TATN.ME,SELL,487.39999,55,460.86675,505.08883,96507.43,96507.43
2022-02-11,TATN.ME,SELL,493.29999,55,467.15948,510.72699,95716.04,95716.04
2020-11-09,ALRS.ME,BUY,70.36571,514,73.28487,68.41960,100000.00,100000.00
2020-11-11,ALRS.ME,BUY,69.32235,510,72.25253,67.36890,99509.17,99509.17
2021-04-19,ALRS.ME,BUY,92.91090,459,96.21680,90.70697,101003.57,101003.57
2021-04-21,ALRS.ME,BUY,96.11053,459,99.46753,93.87253,102520.97,102520.97
2021-11-08,ALRS.ME,BUY,132.39999,287,137.84942,128.76704,104061.84,104061.84
2021-12-06,ALRS.ME,BUY,124.77000,230,131.52151,120.26899,103133.98,103133.98
2022-01-03,ALRS.ME,BUY,123.00000,282,128.44122,119.37252,102098.75,102098.75
2022-01-05,ALRS.ME,BUY,119.31000,280,124.72740,115.69839,101075.80,101075.80
2022-02-08,ALRS.ME,BUY,118.00000,215,125.00773,113.32818,100240.95,100240.95
2022-02-09,ALRS.ME,BUY,122.37000,215,129.37968,117.69688,100240.95,100240.95
2021-07-12,CHMF.ME,BUY,1308.97290,26,1368.51082,1269.28095,100000.00,100000.00
2021-07-16,CHMF.ME,BUY,1342.13989,26,1403.04726,1301.53498,101632.59,101632.59
2021-08-30,CHMF.ME,BUY,1403.00000,39,1443.62343,1375.91772,103333.39,103333.39
2021-09-01,CHMF.ME,BUY,1406.21655,37,1447.71924,1378.54810,102277.19,102277.19
2021-10-11,CHMF.ME,BUY,1351.18689,27,1408.63062,1312.89107,101403.81,101403.81
2021-10-15,CHMF.ME,BUY,1323.75684,28,1378.00714,1287.58997,100415.54,100415.54
2021-06-14,AFKS.ME,BUY,32.39541,1295,33.55386,31.62312,100000.00,100000.00
2021-06-16,AFKS.ME,BUY,31.63810,1219,32.85697,30.82551,98999.88,98999.88
2021-06-18,AFKS.ME,BUY,30.73327,1219,31.94246,29.92715,98186.73,98186.73
2021-08-30,AFKS.ME,BUY,30.45500,1620,31.35564,29.85457,97234.24,97234.24
2021-09-13,AFKS.ME,SELL,29.53400,1637,28.65166,30.12222,96261.55,96261.55
2021-03-22,FEES.ME,BUY,0.19858,300309,0.20357,0.19525,100000.00,100000.00
2021-01-29,IRAO.ME,SELL,5.06599,9129,4.90168,5.17554,100000.00,100000.00
2021-05-17,IRAO.ME,SELL,4.89761,11312,4.76607,4.98530,99189.37,99189.37
2021-09-03,IRAO.ME,BUY,4.79250,10179,4.93742,4.69589,98333.82,98333.82
2021-10-29,IRAO.ME,SELL,4.79100,8186,4.61261,4.90993,97350.40,97350.40
2021-08-30,PHOR.ME,BUY,4380.68066,13,4500.10205,4301.06641,100000.00,100000.00
2021-09-01,PHOR.ME,BUY,4417.91553,11,4560.98709,4322.53448,102154.04,102154.04
2022-01-31,PHOR.ME,BUY,5519.00000,6,5799.63491,5331.91006,103727.82,103727.82
2022-02-03,PHOR.ME,BUY,5315.00000,6,5585.92635,5134.38244,102719.28,102719.28
2020-11-09,RUAL.ME,BUY,32.30500,1045,33.74139,31.34741,100000.00,100000.00
2021-01-04,RUAL.ME,BUY,35.90000,802,37.80155,34.63230,101558.50,101558.50
2021-11-15,RUAL.ME,BUY,72.47000,336,77.08530,69.39314,103163.75,103163.75
2021-11-19,RUAL.ME,BUY,70.20500,341,74.71006,67.20163,102385.28,102385.28
2021-12-13,RUAL.ME,BUY,68.90000,345,73.31120,65.95920,101361.13,101361.13
2021-12-15,RUAL.ME,BUY,65.76500,341,70.23741,62.78339,101416.05,101416.05
2022-04-04,RUAL.ME,BUY,71.92000,140,83.01765,64.52157,103132.99,103132.99
2021-08-02,HYDR.ME,BUY,0.82270,68527,0.84459,0.80811,100000.00,100000.00
2021-09-20,HYDR.ME,BUY,0.81210,94204,0.82827,0.80132,101547.99,101547.99
2021-07-12,MAGN.ME,BUY,55.44697,629,57.83417,53.85550,100000.00,100000.00
2021-07-13,MAGN.ME,BUY,57.71040,608,60.18091,56.06339,100000.00,100000.00
2021-12-13,MAGN.ME,BUY,59.55190,549,62.30033,57.71962,100500.17,100500.17
2021-12-17,MAGN.ME,BUY,62.22602,546,65.04974,60.34354,102595.23,102595.23
2021-12-06,PIKK.ME,BUY,1108.80005,27,1165.37505,1071.08338,100000.00,100000.00
2021-12-09,PIKK.ME,BUY,1183.40002,27,1241.21765,1144.85494,101759.73,101759.73
2022-01-03,PIKK.ME,BUY,1157.40002,27,1214.72278,1119.18485,100732.51,100732.51
2020-11-16,QIWI.ME,BUY,1253.61731,26,1311.34335,1215.13329,100000.00,100000.00
2020-11-17,QIWI.ME,BUY,1285.55640,26,1343.27630,1247.07646,100000.00,100000.00
2021-05-31,QIWI.ME,SELL,801.02594,57,775.39484,818.11334,97195.94,97195.94
2021-04-05,ETLN.ME,BUY,125.10638,375,129.11151,122.43629,100000.00,100000.00
2021-08-09,JPY=X,BUY,110.25900,906,111.25891,109.59240,100000.00,100000.00
2021-08-10,JPY=X,BUY,110.30600,906,111.26952,109.66365,100000.00,100000.00
2021-08-11,JPY=X,BUY,110.59800,904,111.54595,109.96604,100000.00,100000.00
2021-08-13,JPY=X,BUY,110.40300,902,111.32556,109.78796,99639.34,99639.34
2022-08-15,JPY=X,BUY,133.28799,521,136.15292,131.37805,99375.95,99375.95
2022-08-19,JPY=X,BUY,135.79500,533,138.63996,133.89836,100944.12,100944.12
2022-12-19,JPY=X,BUY,136.69000,455,139.99049,134.48967,99933.21,99933.21
2023-04-17,JPY=X,BUY,133.97099,591,136.45367,132.31588,97750.12,97750.12
2023-07-24,JPY=X,BUY,141.75000,638,144.08533,140.19311,99217.38,99217.38
2023-07-26,JPY=X,BUY,140.91299,659,143.15252,139.41998,98369.55,98369.55
2023-07-28,JPY=X,BUY,138.86400,603,141.28953,137.24697,97379.07,97379.07
2024-01-08,JPY=X,BUY,144.71600,582,147.22822,143.04119,97379.07,97379.07
2024-03-18,JPY=X,BUY,148.95500,665,150.75849,147.75268,99134.38,99134.38
2024-03-19,JPY=X,BUY,149.14400,664,151.02052,147.89298,99134.38,99134.38
2024-03-20,JPY=X,BUY,151.03500,656,153.06110,149.68427,99134.38,99134.38
2024-12-02,JPY=X,SELL,149.89799,559,147.21702,151.68531,99844.36,99844.36
2024-12-16,JPY=X,BUY,153.45300,598,155.93351,151.79933,98845.25,98845.25
2024-12-19,JPY=X,BUY,154.67300,580,157.27123,152.94086,100328.60,100328.60
2024-12-20,JPY=X,BUY,157.64400,547,160.39949,155.80700,100328.60,100328.60
2021-02-15,EURUSD=X,BUY,1.21221,82494,1.22329,1.20483,100000.00,100000.00
2021-02-17,EURUSD=X,BUY,1.20925,82192,1.22069,1.20162,99390.87,99390.87
2021-04-12,EURUSD=X,BUY,1.19005,84630,1.20068,1.18297,100714.28,100714.28
2021-09-03,EURUSD=X,BUY,1.18765,85558,1.19637,1.18183,101613.78,101613.78
2021-09-13,EURUSD=X,SELL,1.18120,85604,1.17310,1.18659,101116.23,101116.23
2021-09-17,EURUSD=X,SELL,1.17675,86517,1.16837,1.18233,101809.27,101809.27
2022-01-24,EURUSD=X,SELL,1.13415,89767,1.12358,1.14119,101809.27,101809.27
2022-01-25,EURUSD=X,SELL,1.13241,89904,1.12180,1.13949,101809.27,101809.27
2022-01-26,EURUSD=X,SELL,1.13045,90060,1.12004,1.13740,101809.27,101809.27
2022-01-27,EURUSD=X,SELL,1.12435,90549,1.11285,1.13202,101809.27,101809.27
2022-01-28,EURUSD=X,SELL,1.11470,91333,1.10274,1.12268,101809.27,101809.27
2022-02-21,EURUSD=X,SELL,1.13172,86861,1.11932,1.13999,98303.26,98303.26
2022-02-24,EURUSD=X,SELL,1.13057,87902,1.11709,1.13956,99380.18,99380.18
2022-02-25,EURUSD=X,SELL,1.11907,88806,1.10508,1.12840,99380.18,99380.18
2025-03-03,EURUSD=X,SELL,1.04138,96623,1.02846,1.05000,100622.75,100622.75
2025-03-05,EURUSD=X,SELL,1.06270,93395,1.04689,1.07324,99251.14,99251.14
2020-10-12,GBPUSD=X,BUY,1.30317,76091,1.32288,1.29003,100000.00,100000.00
2020-10-14,GBPUSD=X,BUY,1.29353,73587,1.31371,1.28007,98999.99,98999.99
2021-04-05,GBPUSD=X,BUY,1.38313,72650,1.39885,1.37264,100485.00,100485.00
2021-04-08,GBPUSD=X,BUY,1.37438,72558,1.39091,1.36336,99723.43,99723.43
2021-04-19,GBPUSD=X,BUY,1.38185,73074,1.39781,1.37120,100977.83,100977.83
2021-04-20,GBPUSD=X,BUY,1.39938,72158,1.41626,1.38814,100977.83,100977.83
2021-04-22,GBPUSD=X,BUY,1.39318,72190,1.41011,1.38190,100574.36,100574.36
2021-09-21,GBPUSD=X,SELL,1.36627,73480,1.35280,1.37525,100393.53,100393.53
2022-12-22,GBPUSD=X,SELL,1.20774,58978,1.18195,1.22493,101383.60,101383.60
2023-02-06,GBPUSD=X,SELL,1.20451,71010,1.18331,1.21865,100369.75,100369.75
2023-02-09,GBPUSD=X,SELL,1.20715,73864,1.18697,1.22060,99366.06,99366.06
2023-08-21,GBPUSD=X,BUY,1.27419,77465,1.28885,1.26442,98706.23,98706.23
2023-08-23,GBPUSD=X,BUY,1.27316,76934,1.28817,1.26314,97949.20,97949.20
2023-08-25,GBPUSD=X,BUY,1.25929,77002,1.27509,1.24875,96968.16,96968.16
2020-10-06,AUDUSD=X,BUY,0.71932,129978,0.73086,0.71163,100000.00,100000.00
2021-11-08,AUDUSD=X,SELL,0.73959,135313,0.72883,0.74676,100076.30,100076.30
2021-11-12,AUDUSD=X,SELL,0.72920,139602,0.71846,0.73636,101798.47,101798.47
2022-01-24,AUDUSD=X,SELL,0.71879,138090,0.70778,0.72613,101367.32,101367.32
2022-01-25,AUDUSD=X,SELL,0.71545,139095,0.70452,0.72274,101367.32,101367.32
2022-01-27,AUDUSD=X,SELL,0.71230,141069,0.70135,0.71960,102947.67,102947.67
2022-01-28,AUDUSD=X,SELL,0.70355,130657,0.69173,0.71143,102947.67,102947.67
2022-06-03,AUDUSD=X,BUY,0.72690,107287,0.74089,0.71758,100031.52,100031.52
2022-12-19,AUDUSD=X,SELL,0.66875,86323,0.65142,0.68030,99718.67,99718.67
2023-04-24,AUDUSD=X,SELL,0.66935,125450,0.65752,0.67723,98896.89,98896.89
2024-07-24,AUDUSD=X,SELL,0.66121,148269,0.65357,0.66631,98037.38,98037.38
2024-07-25,AUDUSD=X,SELL,0.65748,149110,0.64940,0.66287,98037.38,98037.38
2024-07-26,AUDUSD=X,SELL,0.65430,149835,0.64642,0.65955,98037.38,98037.38
2024-08-19,AUDUSD=X,BUY,0.66730,146176,0.67669,0.66104,97543.24,97543.24
2024-08-20,AUDUSD=X,BUY,0.67353,144823,0.68306,0.66718,97543.24,97543.24
2020-10-06,USDCAD=X,SELL,1.32570,75431,1.31369,1.33371,100000.00,100000.00
2020-10-09,USDCAD=X,SELL,1.31921,76851,1.30627,1.32784,101383.71,101383.71
2021-02-15,USDCAD=X,SELL,1.26879,79383,1.25499,1.27799,100720.82,100720.82
2021-08-02,USDCAD=X,SELL,1.24667,81670,1.23122,1.25697,101816.00,101816.00
2021-08-06,USDCAD=X,SELL,1.25013,80984,1.23554,1.25986,101241.63,101241.63
2021-08-30,USDCAD=X,SELL,1.26110,80109,1.24416,1.27239,101026.57,101026.57
2021-11-12,USDCAD=X,BUY,1.25885,79534,1.27154,1.25039,100121.82,100121.82
2022-04-12,USDCAD=X,BUY,1.26401,78947,1.27639,1.25576,99790.32,99790.32
2022-12-05,USDCAD=X,BUY,1.34440,70992,1.36536,1.33043,99183.97,99183.97
2022-12-06,USDCAD=X,BUY,1.35880,67923,1.38070,1.34420,99183.97,99183.97
2022-12-07,USDCAD=X,BUY,1.36494,69114,1.38647,1.35059,99183.97,99183.97
2023-05-08,USDCAD=X,SELL,1.33800,73352,1.32257,1.34829,98146.10,98146.10
2023-05-11,USDCAD=X,SELL,1.33721,72831,1.32248,1.34703,97391.62,97391.62
2023-05-22,USDCAD=X,BUY,1.34880,71876,1.36277,1.33948,96947.36,96947.36
2023-05-25,USDCAD=X,BUY,1.35885,72084,1.37320,1.34928,97951.67,97951.67
2023-05-26,USDCAD=X,BUY,1.36432,71795,1.37834,1.35498,97951.67,97951.67
2020-10-06,USDCHF=X,SELL,0.91505,109283,0.90550,0.92142,100000.00,100000.00
2021-07-12,USDCHF=X,SELL,0.91404,110815,0.90429,0.92054,101289.89,101289.89
2022-08-22,USDCHF=X,BUY,0.95880,104978,0.97234,0.94978,100653.85,100653.85
2022-08-23,USDCHF=X,BUY,0.96440,104369,0.97808,0.95528,100653.85,100653.85
2023-03-13,USDCHF=X,SELL,0.91840,95343,0.90234,0.92911,102084.16,102084.16
2023-03-14,USDCHF=X,SELL,0.91249,96663,0.89665,0.92305,102084.16,102084.16
2023-03-16,USDCHF=X,SELL,0.93103,88383,0.91418,0.94226,99282.14,99282.14
2023-03-17,USDCHF=X,SELL,0.92917,90899,0.91279,0.94009,99282.14,99282.14
2023-09-04,USDCHF=X,SELL,0.88529,115510,0.87554,0.89179,102260.63,102260.63
2023-09-06,USDCHF=X,SELL,0.88939,114133,0.87938,0.89607,101509.52,101509.52
2023-10-16,USDCHF=X,SELL,0.90249,111882,0.89183,0.90959,100972.42,100972.42
2023-10-20,USDCHF=X,SELL,0.89179,114566,0.88155,0.89862,102169.56,102169.56
2023-11-01,USDCHF=X,BUY,0.90980,111616,0.92007,0.90295,101549.12,101549.12
2023-11-03,USDCHF=X,BUY,0.90610,111752,0.91681,0.89896,101259.04,101259.04
2024-03-11,USDCHF=X,SELL,0.87751,115361,0.86824,0.88369,101230.92,101230.92
2024-03-15,USDCHF=X,SELL,0.88427,113597,0.87543,0.89016,100451.08,100451.08
2025-03-03,USDCHF=X,BUY,0.90257,110552,0.91287,0.89570,99781.43,99781.43
2025-03-05,USDCHF=X,BUY,0.88964,111294,0.90123,0.88191,99011.98,99011.98
2020-10-06,EURJPY=X,BUY,124.62500,802,126.08809,123.64961,100000.00,100000.00
2020-10-26,EURJPY=X,BUY,124.03500,804,125.38619,123.13422,99726.21,99726.21
2020-10-28,EURJPY=X,BUY,123.17000,805,124.56459,122.24027,99217.45,99217.45
2020-10-30,EURJPY=X,BUY,122.10400,809,123.53126,121.15249,98840.71,98840.71
2021-06-28,EURJPY=X,BUY,132.32500,757,133.56073,131.50117,100252.62,100252.62
2021-06-30,EURJPY=X,BUY,131.54100,759,132.78237,130.71342,99923.45,99923.45
2021-07-01,EURJPY=X,BUY,131.75200,758,132.99952,130.92032,99923.45,99923.45
2021-08-30,EURJPY=X,BUY,129.61400,766,130.59126,128.96249,99293.04,99293.04
2021-09-03,EURJPY=X,BUY,130.53000,766,131.49248,129.88835,100041.62,100041.62
2021-09-17,EURJPY=X,SELL,129.05299,771,128.08994,129.69503,99593.01,99593.01
2021-12-24,EURJPY=X,BUY,129.63499,764,131.02646,128.70735,99098.00,99098.00
2022-02-22,EURJPY=X,SELL,129.61400,773,127.99543,130.69304,100294.01,100294.01
2022-02-25,EURJPY=X,SELL,129.32201,789,127.52177,130.52217,102161.25,102161.25
2022-05-23,EURJPY=X,BUY,135.18300,555,137.98371,133.31586,103581.63,103581.63
2022-05-24,EURJPY=X,BUY,136.55901,562,139.32724,134.71352,103581.63,103581.63
2022-07-18,EURJPY=X,BUY,139.63600,530,142.61361,137.65093,105136.03,105136.03
2022-07-19,EURJPY=X,BUY,140.22900,535,143.17897,138.26236,105136.03,105136.03
2022-07-20,EURJPY=X,BUY,141.38400,541,144.30390,139.43741,105136.03,105136.03
2022-07-22,EURJPY=X,BUY,140.12601,539,143.03065,138.18958,104336.11,104336.11
2023-08-07,EURJPY=X,BUY,156.09599,603,158.68208,154.37193,103882.05,103882.05
2023-08-08,EURJPY=X,BUY,156.80901,605,159.38566,155.09123,103882.05,103882.05
2023-08-09,EURJPY=X,BUY,157.00200,622,159.50818,155.33121,103882.05,103882.05
2023-08-10,EURJPY=X,BUY,157.76900,610,160.32684,156.06377,103882.05,103882.05
2023-08-11,EURJPY=X,BUY,159.06400,617,161.59235,157.37842,103882.05,103882.05
2024-10-21,EURJPY=X,SELL,162.58501,644,160.20461,164.17194,104756.31,104756.31
2025-03-12,EURJPY=X,BUY,161.56400,521,164.55938,159.56707,103911.42,103911.42
2021-11-22,GBPJPY=X,BUY,153.32300,652,155.27359,152.02260,100000.00,100000.00
2021-11-26,GBPJPY=X,BUY,153.17700,647,155.15381,151.85913,99152.14,99152.14
2021-12-22,GBPJPY=X,BUY,151.23399,655,153.32089,149.84273,99068.03,99068.03
2021-12-23,GBPJPY=X,BUY,152.33299,650,154.53450,150.86532,99068.03,99068.03
2021-12-24,GBPJPY=X,BUY,153.43201,645,155.60591,151.98274,99068.03,99068.03
2022-05-30,GBPJPY=X,BUY,160.72301,475,163.94971,158.57187,102028.25,102028.25
2022-05-31,GBPJPY=X,BUY,161.59500,484,164.76340,159.48273,102028.25,102028.25
2022-06-01,GBPJPY=X,BUY,162.26500,490,165.39244,160.18004,102028.25,102028.25
2022-10-10,GBPJPY=X,BUY,161.08000,342,165.69375,158.00417,105156.21,105156.21
2022-10-13,GBPJPY=X,BUY,162.91499,322,167.89552,159.59464,106734.12,106734.12
2022-10-14,GBPJPY=X,BUY,166.45799,316,171.53705,163.07195,106734.12,106734.12
2023-02-15,GBPJPY=X,BUY,161.89101,501,165.10723,159.74685,107269.95,107269.95
2023-03-20,GBPJPY=X,SELL,161.19600,490,157.84661,163.42893,109254.53,109254.53
2023-10-16,GBPJPY=X,BUY,181.75999,595,183.89409,180.33727,108195.68,108195.68
2024-09-23,GBPJPY=X,BUY,191.71637,436,195.49001,189.20061,109465.46,109465.46
2024-09-27,GBPJPY=X,BUY,194.55200,430,198.43187,191.96542,111110.77,111110.77
2021-05-10,EURGBP=X,SELL,0.86674,115374,0.85835,0.87233,100000.00,100000.00
2021-05-11,EURGBP=X,SELL,0.85912,116398,0.85046,0.86489,100000.00,100000.00
2022-07-25,EURGBP=X,BUY,0.85088,117873,0.86039,0.84454,100296.41,100296.41
2022-11-07,EURGBP=X,BUY,0.87614,87166,0.89327,0.86472,99529.06,99529.06
2023-01-30,EURGBP=X,BUY,0.87666,113028,0.88638,0.87018,99087.26,99087.26
2023-01-31,EURGBP=X,BUY,0.87851,112790,0.88819,0.87205,99087.26,99087.26
2023-02-01,EURGBP=X,BUY,0.88232,112303,0.89227,0.87569,99087.26,99087.26
2023-02-02,EURGBP=X,BUY,0.88900,111459,0.89963,0.88191,99087.26,99087.26
2023-02-03,EURGBP=X,BUY,0.89206,111076,0.90287,0.88485,99087.26,99087.26
2023-03-27,EURGBP=X,BUY,0.87950,111752,0.88952,0.87282,98286.75,98286.75
2023-07-31,EURGBP=X,SELL,0.85760,113835,0.84981,0.86280,97624.94,97624.94
2023-08-02,EURGBP=X,SELL,0.86024,112798,0.85233,0.86552,97033.47,97033.47
2024-04-01,EURGBP=X,SELL,0.85401,112934,0.84965,0.85692,96447.46,96447.46
2024-04-03,EURGBP=X,SELL,0.85618,112493,0.85179,0.85910,96314.32,96314.32
2024-04-22,EURGBP=X,BUY,0.86120,111515,0.86611,0.85792,96037.13,96037.13
2025-02-03,EURGBP=X,SELL,0.83364,114763,0.82667,0.83829,95671.85,95671.85
2025-02-04,EURGBP=X,SELL,0.83066,115175,0.82377,0.83526,95671.85,95671.85
2020-10-06,AUDJPY=X,BUY,76.01000,1268,77.19360,75.22093,100000.00,100000.00
2021-06-28,AUDJPY=X,BUY,84.12000,1188,85.10836,83.46110,99973.37,99973.37
2021-06-30,AUDJPY=X,BUY,83.04900,1194,84.10636,82.34410,99182.16,99182.16
2021-07-01,AUDJPY=X,BUY,83.31700,1190,84.36216,82.62023,99182.16,99182.16
2021-08-12,AUDJPY=X,BUY,81.35000,1234,82.38341,80.66106,100444.65,100444.65
2021-09-02,AUDJPY=X,BUY,81.09600,1178,82.36908,80.24728,99972.10,99972.10
2021-09-03,AUDJPY=X,BUY,81.33300,1171,82.61425,80.47883,99972.10,99972.10
2022-02-08,AUDJPY=X,BUY,82.01000,1109,83.34897,81.11736,98971.87,98971.87
2022-02-09,AUDJPY=X,BUY,82.55100,1098,83.90426,81.64883,98971.87,98971.87
2022-02-10,AUDJPY=X,BUY,82.96700,1056,84.37338,82.02942,98971.87,98971.87
2022-05-23,AUDJPY=X,BUY,90.32600,600,92.77623,88.69251,97981.29,97981.29
2023-02-06,AUDJPY=X,SELL,91.34700,741,89.33340,92.68940,99451.43,99451.43
2023-08-14,AUDJPY=X,BUY,94.05700,839,95.81791,92.88306,98456.71,98456.71
2023-08-18,AUDJPY=X,BUY,93.34700,896,94.98003,92.25831,97471.77,97471.77
2023-08-30,AUDJPY=X,BUY,94.54400,1047,95.90071,93.63952,99066.68,99066.68
2023-12-25,AUDJPY=X,BUY,96.83376,890,98.48850,95.73059,98119.70,98119.70
2024-09-27,AUDJPY=X,BUY,99.98900,650,102.23337,98.49275,97186.61,97186.61
2024-11-26,AUDJPY=X,SELL,99.78000,856,98.07962,100.91359,96998.60,96998.60
2024-11-27,AUDJPY=X,SELL,99.05100,812,97.25843,100.24605,96998.60,96998.60
2024-11-28,AUDJPY=X,SELL,98.33300,826,96.57076,99.50783,96998.60,96998.60
2020-12-28,USDRUB=X,BUY,73.95490,823,75.77934,72.73861,100000.00,100000.00
2021-01-25,USDRUB=X,BUY,75.31490,906,76.99656,74.19380,101521.60,101521.60
2021-03-11,USDRUB=X,SELL,73.52390,1125,72.18297,74.41786,100532.34,100532.34
2021-03-22,USDRUB=X,BUY,74.15370,1099,75.51234,73.24795,99526.64,99526.64
2021-03-23,USDRUB=X,BUY,74.79590,1000,76.28884,73.80060,99526.64,99526.64
2021-03-24,USDRUB=X,BUY,76.33140,926,77.94528,75.25547,99526.64,99526.64
2021-07-26,USDRUB=X,SELL,73.67700,1323,72.69845,74.32937,97535.04,97535.04
2021-08-19,USDRUB=X,BUY,73.84350,1338,74.66591,73.29523,98833.89,98833.89
2021-08-20,USDRUB=X,BUY,74.27510,1330,75.11693,73.71388,98833.89,98833.89
2022-02-21,USDRUB=X,BUY,77.36580,593,79.85396,75.70703,98204.65,98204.65
2022-02-22,USDRUB=X,BUY,80.38300,548,83.07274,78.58984,98204.65,98204.65
2022-02-24,USDRUB=X,BUY,81.41440,403,85.16155,78.91630,100528.85,100528.85
2022-02-25,USDRUB=X,BUY,84.91500,383,88.85949,82.28534,100528.85,100528.85
2023-01-16,USDRUB=X,SELL,65.96500,386,61.62535,68.85809,111598.68,111598.68
2023-05-22,USDRUB=X,BUY,80.06500,572,82.99110,78.11427,111562.75,111562.75
2023-12-04,USDRUB=X,BUY,91.19000,692,93.64715,89.55190,113236.48,113236.48
2024-01-08,USDRUB=X,BUY,90.89500,631,93.55733,89.12011,111938.98,111938.98
2024-01-12,USDRUB=X,BUY,89.89000,708,92.23183,88.32878,110421.42,110421.42
2024-02-05,USDRUB=X,BUY,90.99000,1058,92.55447,89.94702,110307.28,110307.28
2024-09-16,USDRUB=X,BUY,89.73624,504,93.08534,87.50352,112476.18,112476.18
2024-09-17,USDRUB=X,BUY,91.39635,510,94.70707,89.18921,112476.18,112476.18
2020-12-21,EURRUB=X,BUY,89.95620,868,91.68545,88.80337,100000.00,100000.00
2020-12-22,EURRUB=X,BUY,91.62380,806,93.48601,90.38233,100000.00,100000.00
2020-12-24,EURRUB=X,BUY,91.48770,740,93.49581,90.14896,98999.37,98999.37
2021-03-22,EURRUB=X,BUY,88.40120,820,90.21182,87.19412,98931.82,98931.82
2021-03-23,EURRUB=X,BUY,89.27880,768,91.21314,87.98924,98931.82,98931.82
2021-03-24,EURRUB=X,BUY,90.38150,743,92.37946,89.04953,98931.82,98931.82
2021-05-24,EURRUB=X,BUY,89.61710,1109,90.94903,88.72915,99426.87,99426.87
2021-05-25,EURRUB=X,BUY,89.73650,1107,91.01957,88.88113,99426.87,99426.87
2021-07-07,EURRUB=X,BUY,88.11300,1061,89.50554,87.18464,98479.97,98479.97
2021-07-21,EURRUB=X,SELL,87.62880,1112,86.34054,88.48764,97494.98,97494.98
2021-07-22,EURRUB=X,SELL,87.23440,1117,85.95011,88.09059,97494.98,97494.98
2021-07-23,EURRUB=X,SELL,86.74350,1123,85.47248,87.59085,97494.98,97494.98
2022-02-17,EURRUB=X,SELL,85.37580,617,82.89550,87.02934,101866.89,101866.89
2023-05-22,EURRUB=X,BUY,85.90000,521,88.81853,83.95432,101178.93,101178.93
2023-05-23,EURRUB=X,BUY,87.02410,535,89.86323,85.13135,101178.93,101178.93
2023-12-04,EURRUB=X,BUY,96.50000,471,99.61336,94.42443,97607.10,97607.10
2023-12-05,EURRUB=X,BUY,99.14780,445,102.43816,96.95422,97607.10,97607.10
2023-12-06,EURRUB=X,BUY,99.94190,455,103.16378,97.79398,97607.10,97607.10
2024-02-05,EURRUB=X,BUY,98.25000,646,100.50097,96.74936,96849.79,96849.79
2024-05-31,EURRUB=X,BUY,97.74890,608,100.19024,96.12134,98943.00,98943.00
2024-08-13,EURRUB=X,BUY,99.51270,360,103.60586,96.78393,98213.40,98213.40
2024-08-16,EURRUB=X,BUY,97.57360,342,101.84600,94.72534,97231.05,97231.05
2021-05-17,GBPRUB=X,BUY,104.30534,780,106.22890,103.02296,100000.00,100000.00
2021-05-18,GBPRUB=X,BUY,104.38669,814,106.22950,103.15815,100000.00,100000.00
2021-07-05,GBPRUB=X,BUY,101.26023,977,102.63809,100.34166,98999.75,98999.75
2021-07-06,GBPRUB=X,BUY,101.68861,973,103.15116,100.71358,98999.75,98999.75
2021-07-07,GBPRUB=X,BUY,102.83995,962,104.35072,101.83277,98999.75,98999.75
2021-08-02,GBPRUB=X,BUY,101.55964,965,102.89104,100.67204,98030.84,98030.84
2021-12-06,GBPRUB=X,SELL,97.83231,704,95.75629,99.21633,97395.06,97395.06
2022-03-31,GBPRUB=X,SELL,109.62763,58,84.38541,126.45578,96978.61,96978.61
2023-12-04,GBPRUB=X,BUY,115.76154,464,118.94591,113.63863,98442.66,98442.66
2023-12-06,GBPRUB=X,BUY,113.57854,418,117.07848,111.24525,97531.13,97531.13
2023-12-07,GBPRUB=X,BUY,116.51186,400,120.16928,114.07358,97531.13,97531.13
2024-02-05,GBPRUB=X,BUY,114.85446,796,116.70379,113.62158,98080.28,98080.28
2024-07-15,GBPRUB=X,SELL,112.51319,346,108.16621,115.41118,100078.67,100078.67
2024-08-13,GBPRUB=X,BUY,116.20504,316,121.05896,112.96909,102141.82,102141.82
2020-12-28,JPYRUB=X,BUY,0.71454,86502,0.73188,0.70298,100000.00,100000.00
2021-01-28,JPYRUB=X,BUY,0.72851,103710,0.74321,0.71870,101671.03,101671.03
2021-03-01,JPYRUB=X,BUY,0.70051,108153,0.71447,0.69120,100654.31,100654.31
2021-03-24,JPYRUB=X,BUY,0.70337,95907,0.71905,0.69291,100268.32,100268.32
2021-03-26,JPYRUB=X,BUY,0.69717,92455,0.71328,0.68643,99265.63,99265.63
2021-04-26,JPYRUB=X,SELL,0.69434,92105,0.67821,0.70509,99007.89,99007.89
2022-02-07,JPYRUB=X,SELL,0.65794,83084,0.63980,0.67004,100493.01,100493.01
2022-02-08,JPYRUB=X,SELL,0.65544,84534,0.63761,0.66733,100493.01,100493.01
2022-02-09,JPYRUB=X,SELL,0.64900,85670,0.63140,0.66073,100493.01,100493.01
2022-02-10,JPYRUB=X,SELL,0.64628,87545,0.62906,0.65776,100493.01,100493.01
2022-02-21,JPYRUB=X,BUY,0.67304,61313,0.69636,0.65749,95317.04,95317.04
2022-02-22,JPYRUB=X,BUY,0.70133,56847,0.72648,0.68456,95317.04,95317.04
2022-02-24,JPYRUB=X,BUY,0.70833,42459,0.74284,0.68533,97682.29,97682.29
2022-03-30,JPYRUB=X,SELL,0.71119,8041,0.52623,0.83450,99147.52,99147.52
2022-04-01,JPYRUB=X,SELL,0.67137,8914,0.50212,0.78421,100577.29,100577.29
2023-05-22,JPYRUB=X,BUY,0.58142,64789,0.60512,0.56563,102347.37,102347.37
2023-06-05,JPYRUB=X,BUY,0.57610,72436,0.59702,0.56215,101025.22,101025.22
2023-06-06,JPYRUB=X,BUY,0.57722,73766,0.59776,0.56352,101025.22,101025.22
2023-06-07,JPYRUB=X,BUY,0.58235,75039,0.60254,0.56888,101025.22,101025.22
2023-12-04,JPYRUB=X,BUY,0.62092,91652,0.63846,0.60923,107170.29,107170.29
2023-12-07,JPYRUB=X,BUY,0.62998,77787,0.65096,0.61600,108777.85,108777.85
2020-12-07,GC=F,BUY,1861.80005,38,1901.82489,1835.11682,100000.00,100000.00
2020-12-09,GC=F,BUY,1834.59998,37,1875.19691,1807.53535,98986.04,98986.04
2021-01-25,GC=F,BUY,1854.90002,44,1889.94083,1831.53949,100539.92,100539.92
2021-01-28,GC=F,BUY,1837.90002,46,1870.36814,1816.25461,99512.06,99512.06
2021-01-29,GC=F,BUY,1847.30005,44,1881.53115,1824.47931,99512.06,99512.06
2021-05-04,GC=F,SELL,1775.80005,55,1749.11360,1793.59101,98516.37,98516.37
2021-06-17,GC=F,SELL,1773.80005,37,1733.35615,1800.76265,97851.37,97851.37
2021-08-23,GC=F,BUY,1803.19995,51,1831.76621,1784.15578,96924.05,96924.05
2021-08-27,GC=F,BUY,1816.59998,52,1843.95668,1798.36217,96064.99,96064.99
2021-10-13,GC=F,BUY,1793.69995,50,1822.70418,1774.36380,95116.63,95116.63
2022-08-22,GC=F,SELL,1734.00000,54,1709.08985,1750.60677,94224.82,94224.82
2022-08-24,GC=F,SELL,1747.80005,53,1723.75149,1763.83242,93544.05,93544.05
2023-03-06,GC=F,BUY,1847.90002,51,1872.19979,1831.70018,95550.02,95550.02
2023-03-08,GC=F,BUY,1812.69995,51,1837.29210,1796.30519,94055.72,94055.72
2023-03-09,GC=F,BUY,1829.30005,51,1853.91420,1812.89062,94055.72,94055.72
2023-03-10,GC=F,BUY,1862.00000,50,1889.05599,1843.96267,94055.72,94055.72
2023-06-12,GC=F,BUY,1955.30005,48,1984.32277,1935.95157,94055.72,94055.72
2023-06-15,GC=F,BUY,1957.80005,45,1988.84524,1937.10326,93126.99,93126.99
2023-08-28,GC=F,BUY,1917.90002,48,1936.83498,1905.27672,92195.64,92195.64
2023-08-30,GC=F,BUY,1944.30005,47,1963.84090,1931.27281,93104.51,93104.51
2020-10-15,SI=F,BUY,24.19300,1338,25.31445,23.44537,100000.00,100000.00
2020-10-16,SI=F,BUY,24.36900,1415,25.42920,23.66220,100000.00,100000.00
2021-01-19,SI=F,BUY,25.27900,1546,26.23142,24.64405,98148.02,98148.02
2021-01-20,SI=F,BUY,25.73400,1578,26.66714,25.11191,98148.02,98148.02
2021-01-21,SI=F,BUY,25.82200,1681,26.69792,25.23806,98148.02,98148.02
2023-06-21,SI=F,SELL,22.77400,2568,22.20894,23.15071,96717.32,96717.32
2023-06-22,SI=F,SELL,22.43600,2587,21.87509,22.80994,96717.32,96717.32
2023-06-23,SI=F,SELL,22.32800,2725,21.79558,22.68295,96717.32,96717.32
2024-11-25,SI=F,BUY,30.21000,1608,31.09771,29.61819,95117.74,95117.74
2024-11-26,SI=F,BUY,30.38800,1692,31.23138,29.82575,95117.74,95117.74
2024-12-09,SI=F,BUY,32.21600,1530,33.16255,31.58496,96545.18,96545.18
2024-12-12,SI=F,BUY,31.22800,1452,32.21722,30.56852,95749.53,95749.53
2021-07-12,HG=F,BUY,4.32300,12096,4.44701,4.24033,100000.00,100000.00
2021-08-30,HG=F,BUY,4.36100,14186,4.46569,4.29121,98999.97,98999.97
2021-09-01,HG=F,BUY,4.26300,13577,4.37129,4.19081,98009.90,98009.90
2021-09-27,HG=F,BUY,4.29350,10603,4.43424,4.19967,99480.14,99480.14
2021-09-29,HG=F,BUY,4.20000,11177,4.33250,4.11166,98729.13,98729.13
2021-10-11,HG=F,BUY,4.37450,11344,4.50746,4.28586,100545.40,100545.40
2021-10-13,HG=F,BUY,4.52050,10795,4.66247,4.42585,102172.81,102172.81
2021-10-14,HG=F,BUY,4.63150,10664,4.77522,4.53568,102172.81,102172.81
2021-12-20,HG=F,BUY,4.28800,12588,4.41039,4.20641,102699.90,102699.90
2021-12-21,HG=F,BUY,4.33800,12876,4.45764,4.25824,102699.90,102699.90
2021-12-22,HG=F,BUY,4.38950,13211,4.50612,4.31176,102699.90,102699.90
2022-06-02,HG=F,BUY,4.55400,11477,4.69225,4.46183,105781.11,105781.11
2022-06-13,HG=F,SELL,4.21650,12022,4.08640,4.30323,104260.40,104260.40
2022-06-16,HG=F,SELL,4.11200,12108,3.98089,4.19940,105824.43,105824.43
2022-06-17,HG=F,SELL,4.01750,12019,3.88542,4.10555,105824.43,105824.43
2022-11-21,HG=F,SELL,3.57150,12864,3.44581,3.65529,107789.53,107789.53
2022-12-19,HG=F,SELL,3.78300,13621,3.66435,3.86210,107740.73,107740.73
2023-03-06,HG=F,BUY,4.10050,13040,4.22195,4.01953,105579.13,105579.13
2023-03-08,HG=F,BUY,4.04150,12245,4.16916,3.95640,104203.41,104203.41
2024-08-23,HG=F,BUY,4.19450,15426,4.29482,4.12762,103161.32,103161.32
2024-09-16,HG=F,BUY,4.21300,14138,4.32136,4.14076,102129.66,102129.66
2025-04-21,HG=F,BUY,4.72100,7693,4.92314,4.58624,103661.66,103661.66
2025-04-22,HG=F,BUY,4.87050,7609,5.07486,4.73426,103661.66,103661.66
2021-07-12,PL=F,BUY,1121.69995,49,1152.59058,1101.10620,100000.00,100000.00
2021-11-02,PL=F,SELL,1038.19995,52,1009.12478,1057.58340,99167.00,99167.00
2021-11-03,PL=F,SELL,1021.29999,52,992.49091,1040.50604,99167.00,99167.00
2021-11-22,PL=F,SELL,1014.00000,63,990.43988,1029.70675,97503.00,97503.00
2021-11-23,PL=F,SELL,963.09998,54,935.76915,981.32053,97503.00,97503.00
2022-03-15,PL=F,SELL,1001.79999,42,965.95700,1025.69531,98421.90,98421.90
2022-10-04,PL=F,BUY,943.70001,50,972.95351,924.19768,97287.90,97287.90
2024-06-24,PL=F,BUY,999.09998,76,1018.24613,986.33588,95762.90,95762.90
2024-06-26,PL=F,BUY,1020.70001,68,1042.70511,1006.02995,98574.90,98574.90
2024-06-28,PL=F,BUY,1001.90002,58,1026.95416,985.19726,96698.10,96698.10
2025-02-24,PL=F,SELL,961.20001,73,940.64748,974.90170,99940.30,99940.30
2025-02-25,PL=F,SELL,960.59998,79,941.45119,973.36583,99940.30,99940.30
2025-02-28,PL=F,SELL,932.29999,81,912.62135,945.41908,105336.30,105336.30
2025-03-24,PL=F,SELL,962.59998,88,944.59951,974.60029,105344.40,105344.40
2020-12-21,PA=F,BUY,2304.39990,27,2360.11985,2267.25327,100000.00,100000.00
2020-12-22,PA=F,BUY,2311.10010,29,2363.55793,2276.12821,100000.00,100000.00
2020-12-23,PA=F,BUY,2326.30005,30,2376.63946,2292.74044,100000.00,100000.00
2020-12-24,PA=F,BUY,2333.10010,32,2380.57241,2301.45189,100000.00,100000.00
2021-02-08,PA=F,BUY,2335.39990,33,2382.07140,2304.28557,100366.00,100366.00
2021-08-16,PA=F,BUY,2597.60010,32,2646.66766,2564.88839,102596.80,102596.80
2022-04-11,PA=F,BUY,2416.39990,12,2547.34102,2329.10583,100283.20,100283.20
2022-04-29,PA=F,BUY,2302.80005,13,2415.79178,2227.47223,97435.60,97435.60
2023-05-01,PA=F,SELL,1454.80005,28,1402.38938,1489.74049,96941.60,96941.60
2023-05-02,PA=F,SELL,1429.00000,29,1377.56866,1463.28756,96941.60,96941.60
2023-05-03,PA=F,SELL,1424.80005,31,1376.59238,1456.93849,96941.60,96941.60
2024-04-22,PA=F,SELL,1014.70001,51,987.34696,1032.93538,92084.79,92084.79
2024-04-25,PA=F,SELL,981.09998,52,953.50647,999.49564,94369.60,94369.60
2024-04-26,PA=F,SELL,957.40002,51,929.23821,976.17457,94369.60,94369.60
2024-07-15,PA=F,SELL,946.70001,43,913.85800,968.59469,92430.40,92430.40
2024-07-19,PA=F,SELL,899.09998,47,868.58971,919.44015,94748.10,94748.10
